original_id,target_intent,prompt_used,generated_text,model,status,timestamp,original_text
sample_0,grammar,v1.ai_refined_grammar,"I think phones in class can be helpful because students can search fast, but sometimes it makes them distracted and they do not listen to the teacher.",DEEPSEEK:deepseek/deepseek-r1-0528:free,OK,2025-12-28T19:49:26.898904+00:00,"I think phones in class can be helpful because students can search fast, but sometimes it make them distracted and they not listen the teacher."
sample_1,grammar,v1.ai_refined_grammar,"My friend says school starts too early, and it makes us tired in the morning. I agree because students are not focused when they are sleepy.",DEEPSEEK:deepseek/deepseek-r1-0528:free,OK,2025-12-28T19:49:52.647340+00:00,"My friend say school start too early, and it make us tired in the morning. I agree because students is not focus when they sleepy."
sample_2,vocabulary,v1.ai_refined_vocabulary,"The movie was impressive and the actors were excellent. The story was compelling too, but the ending was commendable only in some parts.",DEEPSEEK:deepseek/deepseek-r1-0528:free,OK,2025-12-28T19:49:58.835108+00:00,"The movie was good and the actors were good. The story was good too, but the ending was good only in some parts."
sample_3,vocabulary,v1.ai_refined_vocabulary,I think this plan is beneficial because it is beneficial for students and beneficial for teachers. It is a beneficial way to do the project.,DEEPSEEK:deepseek/deepseek-r1-0528:free,OK,2025-12-28T19:50:18.752616+00:00,I think this plan is nice because it is nice for students and nice for teachers. It is a nice way to do the project.
sample_4,cohesion,v1.ai_refined_cohesion,"I like team sports. For one, you can learn to cooperate. Additionally, people can make friends. Moreover, it keeps you healthy.",DEEPSEEK:deepseek/deepseek-r1-0528:free,OK,2025-12-28T19:51:04.194491+00:00,I like team sports. You can learn to cooperate. People can make friends. It keeps you healthy.
sample_5,cohesion,v1.ai_refined_cohesion,"Schools should teach coding. Indeed, it helps with problem solving. Moreover, jobs need these skills. Additionally, students feel more confident.",DEEPSEEK:deepseek/deepseek-r1-0528:free,OK,2025-12-28T19:51:46.117431+00:00,Schools should teach coding. It helps with problem solving. Jobs need these skills. Students feel more confident.
sample_6,syntax,v1.ai_refined_syntax,"In my opinion, the rule should be changed because many students have jobs after school. They need time to rest and do homework, which makes it hard.",DEEPSEEK:deepseek/deepseek-r1-0528:free,OK,2025-12-28T19:51:55.047527+00:00,In my opinion the rule should be changed because many students have jobs after school and they need time to rest and do homework which makes it hard.
sample_7,syntax,v1.ai_refined_syntax,"Some students learn faster, while others need more time; such variation can be helpful, but it can also be confusing for them.",DEEPSEEK:deepseek/deepseek-r1-0528:free,OK,2025-12-28T19:52:02.420741+00:00,"Some students learn faster. Others need more time. It can be helpful, but it can also be confusing for them."
sample_8,full_rewrite,v1.ai_full_rewrite,"I support the idea that students ought to read daily. Regular reading not only expands vocabulary but also exposes them to diverse perspectives. Engaging with written material consistently is an effective way to build language skills and broaden understanding of various subjects and viewpoints. Therefore, making reading a daily habit offers significant advantages for students' intellectual growth.",DEEPSEEK:deepseek/deepseek-r1-0528:free,OK,2025-12-28T19:52:10.981249+00:00,I agree that students should read every day because reading helps you learn new words and you can understand different ideas.
sample_9,full_rewrite,v1.ai_full_rewrite,"Students should not be required to wear uniforms at school because they are often impractical and limiting. Furthermore, uniforms prevent young people from choosing clothing that reflects their unique personalities and allows them to express their individuality.",DEEPSEEK:deepseek/deepseek-r1-0528:free,OK,2025-12-28T19:52:19.497988+00:00,I disagree with wearing uniforms at school. They are uncomfortable and students want to show their style.
